{"model": "/home/airflow/results/model/model_data_20250616_044704.csv.pkl", "Accuracy": 0.9876977152899824, "Precision": 0.9904306220095693, "Recall": 0.9764150943396226, "F1": 0.9833729216152018}